menu,restaurant,happy_winter,happy_winter_snow,happy_winter_rain,happy_fall,happy_fall_rain,happy_summer,happy_summer_rain,happy_spring,happy_spring_rain,sad_spring_rain,sad_spring,sad_summer_rain,sad_summer,sad_fall_rain,sad_fall,sad_winter_rain,sad_winter,sad_winter_snow,angry_winter,angry_winter_snow,angry_winter_rain,angry_fall,angry_fall_rain,angry_summer,angry_summer_rain,angry_spring,angry_spring_rain
더블에스프레소,Back다방,0.2,0.2,0.2,0.2,0.2,0.2,0.2,0.2,0.2,0.9,0.9,0.9,0.9,0.9,0.9,0.9,0.9,0.9,0,0,0,0,0,0,0,0,0
에스프레소 콤프레또,Back다방,0.2,0.2,0.2,0.2,0.2,0.2,0.2,0.2,0.2,0.9,0.9,0.9,0.9,0.9,0.9,0.9,0.9,0.9,0,0,0,0,0,0,0,0,0
앗!메리카노(HOT),Back다방,0.2,0.2,0.2,0.2,0.2,0.2,0.2,0.2,0.2,0.9,0.9,0.9,0.9,0.9,0.9,0.9,0.9,0.9,0,0,0,0,0,0,0,0,0
앗!메리카노(ICED),Back다방,0.2,0.2,0.2,0.2,0.2,0.2,0.2,0.2,0.2,0.9,0.9,0.9,0.9,0.9,0.9,0.9,0.9,0.9,0,0,0,0,0,0,0,0,0
원조커피(HOT),Back다방,0.2,0.2,0.2,0.2,0.2,0.2,0.2,0.2,0.2,0.9,0.9,0.9,0.9,0.9,0.9,0.9,0.9,0.9,0,0,0,0,0,0,0,0,0
원조커피(ICED),Back다방,0.2,0.2,0.2,0.2,0.2,0.2,0.2,0.2,0.2,0.9,0.9,0.9,0.9,0.9,0.9,0.9,0.9,0.9,0,0,0,0,0,0,0,0,0
달달연유라떼(HOT),Back다방,0.2,0.2,0.2,0.2,0.2,0.2,0.2,0.2,0.2,0.9,0.9,0.9,0.9,0.9,0.9,0.9,0.9,0.9,0,0,0,0,0,0,0,0,0
달달연유라떼(ICED),Back다방,0.2,0.2,0.2,0.2,0.2,0.2,0.2,0.2,0.2,0.9,0.9,0.9,0.9,0.9,0.9,0.9,0.9,0.9,0,0,0,0,0,0,0,0,0
빽’s 카페라떼(HOT),Back다방,0.2,0.2,0.2,0.2,0.2,0.2,0.2,0.2,0.2,0.9,0.9,0.9,0.9,0.9,0.9,0.9,0.9,0.9,0,0,0,0,0,0,0,0,0
빽’s 카페라떼(ICED),Back다방,0.2,0.2,0.2,0.2,0.2,0.2,0.2,0.2,0.2,0.9,0.9,0.9,0.9,0.9,0.9,0.9,0.9,0.9,0,0,0,0,0,0,0,0,0
블랙펄카페라떼(ICED),Back다방,0.2,0.2,0.2,0.2,0.2,0.2,0.2,0.2,0.2,0.9,0.9,0.9,0.9,0.9,0.9,0.9,0.9,0.9,0,0,0,0,0,0,0,0,0
바닐라라떼(HOT),Back다방,0.2,0.2,0.2,0.2,0.2,0.2,0.2,0.2,0.2,0.9,0.9,0.9,0.9,0.9,0.9,0.9,0.9,0.9,0,0,0,0,0,0,0,0,0
바닐라라떼(ICED),Back다방,0.2,0.2,0.2,0.2,0.2,0.2,0.2,0.2,0.2,0.9,0.9,0.9,0.9,0.9,0.9,0.9,0.9,0.9,0,0,0,0,0,0,0,0,0
카페모카(HOT),Back다방,0.2,0.2,0.2,0.2,0.2,0.2,0.2,0.2,0.2,0.9,0.9,0.9,0.9,0.9,0.9,0.9,0.9,0.9,0,0,0,0,0,0,0,0,0
카페모카(ICED),Back다방,0.2,0.2,0.2,0.2,0.2,0.2,0.2,0.2,0.2,0.9,0.9,0.9,0.9,0.9,0.9,0.9,0.9,0.9,0,0,0,0,0,0,0,0,0
카라멜마키아또(HOT),Back다방,0.2,0.2,0.2,0.2,0.2,0.2,0.2,0.2,0.2,0.9,0.9,0.9,0.9,0.9,0.9,0.9,0.9,0.9,0,0,0,0,0,0,0,0,0
카라멜마키아또(ICED),Back다방,0.2,0.2,0.2,0.2,0.2,0.2,0.2,0.2,0.2,0.9,0.9,0.9,0.9,0.9,0.9,0.9,0.9,0.9,0,0,0,0,0,0,0,0,0
아이스크림카페라떼(ICED),Back다방,0.9,0.65,0.9,0.9,0.9,1.25,1.25,0.9,0.9,0.9,0.9,1.25,1.25,0.9,0.9,0.9,0.9,0.9,0.2,-0.05,0.2,0.2,0.2,0.55,0.55,0.2,0.2
아이스크림바닐라라떼(ICED),Back다방,0.9,0.65,0.9,0.9,0.9,1.25,1.25,0.9,0.9,0.9,0.9,1.25,1.25,0.9,0.9,0.9,0.9,0.9,0.2,-0.05,0.2,0.2,0.2,0.55,0.55,0.2,0.2
아이스크림카페모카(ICED),Back다방,0.9,0.65,0.9,0.9,0.9,1.25,1.25,0.9,0.9,0.9,0.9,1.25,1.25,0.9,0.9,0.9,0.9,0.9,0.2,-0.05,0.2,0.2,0.2,0.55,0.55,0.2,0.2
콜드브루,Back다방,0.2,0.2,0.2,0.2,0.2,0.2,0.2,0.2,0.2,0.9,0.9,0.9,0.9,0.9,0.9,0.9,0.9,0.9,0,0,0,0,0,0,0,0,0
디카페인 콜드브루,Back다방,0.2,0.2,0.2,0.2,0.2,0.2,0.2,0.2,0.2,0.9,0.9,0.9,0.9,0.9,0.9,0.9,0.9,0.9,0,0,0,0,0,0,0,0,0
콜드브루라떼,Back다방,0.2,0.2,0.2,0.2,0.2,0.2,0.2,0.2,0.2,0.9,0.9,0.9,0.9,0.9,0.9,0.9,0.9,0.9,0,0,0,0,0,0,0,0,0
디카페인 콜드브루라떼,Back다방,0.2,0.2,0.2,0.2,0.2,0.2,0.2,0.2,0.2,0.9,0.9,0.9,0.9,0.9,0.9,0.9,0.9,0.9,0,0,0,0,0,0,0,0,0
콜드브루라떼(연유),Back다방,0.2,0.2,0.2,0.2,0.2,0.2,0.2,0.2,0.2,0.9,0.9,0.9,0.9,0.9,0.9,0.9,0.9,0.9,0,0,0,0,0,0,0,0,0
디카페인 콜드브루라떼(연유),Back다방,0.2,0.2,0.2,0.2,0.2,0.2,0.2,0.2,0.2,0.9,0.9,0.9,0.9,0.9,0.9,0.9,0.9,0.9,0,0,0,0,0,0,0,0,0
콜드브루라떼(흑당),Back다방,0.2,0.2,0.2,0.2,0.2,0.2,0.2,0.2,0.2,0.9,0.9,0.9,0.9,0.9,0.9,0.9,0.9,0.9,0,0,0,0,0,0,0,0,0
디카페인 콜드브루라떼(흑당),Back다방,0.2,0.2,0.2,0.2,0.2,0.2,0.2,0.2,0.2,0.9,0.9,0.9,0.9,0.9,0.9,0.9,0.9,0.9,0,0,0,0,0,0,0,0,0
콜드브루 오리지널 커피원액,Back다방,0.2,0.2,0.2,0.2,0.2,0.2,0.2,0.2,0.2,0.9,0.9,0.9,0.9,0.9,0.9,0.9,0.9,0.9,0,0,0,0,0,0,0,0,0
콜드브루 디카페인 커피원액,Back다방,0.2,0.2,0.2,0.2,0.2,0.2,0.2,0.2,0.2,0.9,0.9,0.9,0.9,0.9,0.9,0.9,0.9,0.9,0,0,0,0,0,0,0,0,0
아이스티샷추가(아샷추),Back다방,0.2,0.2,0.2,0.2,0.2,0.2,0.2,0.2,0.2,0.9,0.9,0.9,0.9,0.9,0.9,0.9,0.9,0.9,0,0,0,0,0,0,0,0,0
빽사이즈 앗!메리카노(ICED),Back다방,0.2,0.2,0.2,0.2,0.2,0.2,0.2,0.2,0.2,0.9,0.9,0.9,0.9,0.9,0.9,0.9,0.9,0.9,0,0,0,0,0,0,0,0,0
빽사이즈 원조커피(ICED),Back다방,0.2,0.2,0.2,0.2,0.2,0.2,0.2,0.2,0.2,0.9,0.9,0.9,0.9,0.9,0.9,0.9,0.9,0.9,0,0,0,0,0,0,0,0,0
빽사이즈 빽’s카페라떼(ICED),Back다방,0.2,0.2,0.2,0.2,0.2,0.2,0.2,0.2,0.2,0.9,0.9,0.9,0.9,0.9,0.9,0.9,0.9,0.9,0,0,0,0,0,0,0,0,0
빽사이즈 아이스티샷추가(ICED),Back다방,0.2,0.2,0.2,0.2,0.2,0.2,0.2,0.2,0.2,0.9,0.9,0.9,0.9,0.9,0.9,0.9,0.9,0.9,0,0,0,0,0,0,0,0,0
토피넛라떼(ICED),Back다방,0.2,0.2,0.2,0.2,0.2,0.2,0.2,0.2,0.2,0.9,0.9,0.9,0.9,0.9,0.9,0.9,0.9,0.9,0,0,0,0,0,0,0,0,0
블랙펄라떼(ICED),Back다방,0.2,0.2,0.2,0.2,0.2,0.2,0.2,0.2,0.2,0.9,0.9,0.9,0.9,0.9,0.9,0.9,0.9,0.9,0,0,0,0,0,0,0,0,0
고구마라떼(HOT),Back다방,0.2,0.2,0.2,0.2,0.2,0.2,0.2,0.2,0.2,0.9,0.9,0.9,0.9,0.9,0.9,0.9,0.9,0.9,0,0,0,0,0,0,0,0,0
고구마라떼(ICED),Back다방,0.2,0.2,0.2,0.2,0.2,0.2,0.2,0.2,0.2,0.9,0.9,0.9,0.9,0.9,0.9,0.9,0.9,0.9,0,0,0,0,0,0,0,0,0
꿀밤라떼(HOT),Back다방,0.2,0.2,0.2,0.2,0.2,0.2,0.2,0.2,0.2,0.9,0.9,0.9,0.9,0.9,0.9,0.9,0.9,0.9,0,0,0,0,0,0,0,0,0
꿀밤라떼(ICED),Back다방,0.2,0.2,0.2,0.2,0.2,0.2,0.2,0.2,0.2,0.9,0.9,0.9,0.9,0.9,0.9,0.9,0.9,0.9,0,0,0,0,0,0,0,0,0
미숫가루,Back다방,0.2,0.2,0.2,0.2,0.2,0.2,0.2,0.2,0.2,0.9,0.9,0.9,0.9,0.9,0.9,0.9,0.9,0.9,0,0,0,0,0,0,0,0,0
밀크티(HOT),Back다방,0.2,0.2,0.2,0.2,0.2,0.2,0.2,0.2,0.2,0.9,0.9,0.9,0.9,0.9,0.9,0.9,0.9,0.9,0,0,0,0,0,0,0,0,0
밀크티(ICED),Back다방,0.2,0.2,0.2,0.2,0.2,0.2,0.2,0.2,0.2,0.9,0.9,0.9,0.9,0.9,0.9,0.9,0.9,0.9,0,0,0,0,0,0,0,0,0
블랙펄밀크티(ICED),Back다방,0.2,0.2,0.2,0.2,0.2,0.2,0.2,0.2,0.2,0.9,0.9,0.9,0.9,0.9,0.9,0.9,0.9,0.9,0,0,0,0,0,0,0,0,0
페퍼민트티(HOT),Back다방,0.2,0.2,0.2,0.2,0.2,0.2,0.2,0.2,0.2,0.9,0.9,0.9,0.9,0.9,0.9,0.9,0.9,0.9,0,0,0,0,0,0,0,0,0
페퍼민트티(ICED),Back다방,0.2,0.2,0.2,0.2,0.2,0.2,0.2,0.2,0.2,0.9,0.9,0.9,0.9,0.9,0.9,0.9,0.9,0.9,0,0,0,0,0,0,0,0,0
황금캐모마일티(HOT),Back다방,0.2,0.2,0.2,0.2,0.2,0.2,0.2,0.2,0.2,0.9,0.9,0.9,0.9,0.9,0.9,0.9,0.9,0.9,0,0,0,0,0,0,0,0,0
황금캐모마일티(ICED),Back다방,0.2,0.2,0.2,0.2,0.2,0.2,0.2,0.2,0.2,0.9,0.9,0.9,0.9,0.9,0.9,0.9,0.9,0.9,0,0,0,0,0,0,0,0,0
깔라만시티(HOT),Back다방,0.2,0.2,0.2,0.2,0.2,0.2,0.2,0.2,0.2,0.9,0.9,0.9,0.9,0.9,0.9,0.9,0.9,0.9,0,0,0,0,0,0,0,0,0
달콤아이스티,Back다방,0.2,0.2,0.2,0.2,0.2,0.2,0.2,0.2,0.2,0.9,0.9,0.9,0.9,0.9,0.9,0.9,0.9,0.9,0,0,0,0,0,0,0,0,0
레몬티(HOT),Back다방,0.2,0.2,0.2,0.2,0.2,0.2,0.2,0.2,0.2,0.9,0.9,0.9,0.9,0.9,0.9,0.9,0.9,0.9,0,0,0,0,0,0,0,0,0
레몬티(ICED),Back다방,0.2,0.2,0.2,0.2,0.2,0.2,0.2,0.2,0.2,0.9,0.9,0.9,0.9,0.9,0.9,0.9,0.9,0.9,0,0,0,0,0,0,0,0,0
피치우롱스위티(HOT),Back다방,0.2,0.2,0.2,0.2,0.2,0.2,0.2,0.2,0.2,0.9,0.9,0.9,0.9,0.9,0.9,0.9,0.9,0.9,0,0,0,0,0,0,0,0,0
피치우롱스위티(ICED),Back다방,0.2,0.2,0.2,0.2,0.2,0.2,0.2,0.2,0.2,0.9,0.9,0.9,0.9,0.9,0.9,0.9,0.9,0.9,0,0,0,0,0,0,0,0,0
우롱티(HOT),Back다방,0.2,0.2,0.2,0.2,0.2,0.2,0.2,0.2,0.2,0.9,0.9,0.9,0.9,0.9,0.9,0.9,0.9,0.9,0,0,0,0,0,0,0,0,0
우롱티(ICED),Back다방,0.2,0.2,0.2,0.2,0.2,0.2,0.2,0.2,0.2,0.9,0.9,0.9,0.9,0.9,0.9,0.9,0.9,0.9,0,0,0,0,0,0,0,0,0
레몬얼그레이티(HOT),Back다방,0.2,0.2,0.2,0.2,0.2,0.2,0.2,0.2,0.2,0.9,0.9,0.9,0.9,0.9,0.9,0.9,0.9,0.9,0,0,0,0,0,0,0,0,0
레몬얼그레이티(ICED),Back다방,0.2,0.2,0.2,0.2,0.2,0.2,0.2,0.2,0.2,0.9,0.9,0.9,0.9,0.9,0.9,0.9,0.9,0.9,0,0,0,0,0,0,0,0,0
오렌지자몽블랙티(HOT),Back다방,0.2,0.2,0.2,0.2,0.2,0.2,0.2,0.2,0.2,0.9,0.9,0.9,0.9,0.9,0.9,0.9,0.9,0.9,0,0,0,0,0,0,0,0,0
오렌지자몽블랙티(ICED),Back다방,0.2,0.2,0.2,0.2,0.2,0.2,0.2,0.2,0.2,0.9,0.9,0.9,0.9,0.9,0.9,0.9,0.9,0.9,0,0,0,0,0,0,0,0,0
유자티(HOT),Back다방,0.2,0.2,0.2,0.2,0.2,0.2,0.2,0.2,0.2,0.9,0.9,0.9,0.9,0.9,0.9,0.9,0.9,0.9,0,0,0,0,0,0,0,0,0
유자티(ICED),Back다방,0.2,0.2,0.2,0.2,0.2,0.2,0.2,0.2,0.2,0.9,0.9,0.9,0.9,0.9,0.9,0.9,0.9,0.9,0,0,0,0,0,0,0,0,0
자몽티(HOT),Back다방,0.2,0.2,0.2,0.2,0.2,0.2,0.2,0.2,0.2,0.9,0.9,0.9,0.9,0.9,0.9,0.9,0.9,0.9,0,0,0,0,0,0,0,0,0
자몽티(ICED),Back다방,0.2,0.2,0.2,0.2,0.2,0.2,0.2,0.2,0.2,0.9,0.9,0.9,0.9,0.9,0.9,0.9,0.9,0.9,0,0,0,0,0,0,0,0,0
청포도플라워(ICED),Back다방,0.2,0.2,0.2,0.2,0.2,0.2,0.2,0.2,0.2,0.9,0.9,0.9,0.9,0.9,0.9,0.9,0.9,0.9,0,0,0,0,0,0,0,0,0
아이스미초,Back다방,0.2,0.2,0.2,0.2,0.2,0.2,0.2,0.2,0.2,0.9,0.9,0.9,0.9,0.9,0.9,0.9,0.9,0.9,0,0,0,0,0,0,0,0,0
딸기에이드(ICED),Back다방,0.2,0.2,0.2,0.2,0.2,0.2,0.2,0.2,0.2,0.9,0.9,0.9,0.9,0.9,0.9,0.9,0.9,0.9,0,0,0,0,0,0,0,0,0
레모네이드(ICED),Back다방,0.2,0.2,0.2,0.2,0.2,0.2,0.2,0.2,0.2,0.9,0.9,0.9,0.9,0.9,0.9,0.9,0.9,0.9,0,0,0,0,0,0,0,0,0
청포도에이드,Back다방,0.2,0.2,0.2,0.2,0.2,0.2,0.2,0.2,0.2,0.9,0.9,0.9,0.9,0.9,0.9,0.9,0.9,0.9,0,0,0,0,0,0,0,0,0
깔라만시에이드,Back다방,0.2,0.2,0.2,0.2,0.2,0.2,0.2,0.2,0.2,0.9,0.9,0.9,0.9,0.9,0.9,0.9,0.9,0.9,0,0,0,0,0,0,0,0,0
유자에이드,Back다방,0.2,0.2,0.2,0.2,0.2,0.2,0.2,0.2,0.2,0.9,0.9,0.9,0.9,0.9,0.9,0.9,0.9,0.9,0,0,0,0,0,0,0,0,0
자몽에이드,Back다방,0.2,0.2,0.2,0.2,0.2,0.2,0.2,0.2,0.2,0.9,0.9,0.9,0.9,0.9,0.9,0.9,0.9,0.9,0,0,0,0,0,0,0,0,0
미초(석류)에이드,Back다방,0.2,0.2,0.2,0.2,0.2,0.2,0.2,0.2,0.2,0.9,0.9,0.9,0.9,0.9,0.9,0.9,0.9,0.9,0,0,0,0,0,0,0,0,0
우리포도주스,Back다방,0.2,0.2,0.2,0.2,0.2,0.2,0.2,0.2,0.2,0.9,0.9,0.9,0.9,0.9,0.9,0.9,0.9,0.9,0,0,0,0,0,0,0,0,0
완전블루베리주스(ICED),Back다방,0.2,0.2,0.2,0.2,0.2,0.2,0.2,0.2,0.2,0.9,0.9,0.9,0.9,0.9,0.9,0.9,0.9,0.9,0,0,0,0,0,0,0,0,0
완전토마토,Back다방,0.2,0.2,0.2,0.2,0.2,0.2,0.2,0.2,0.2,0.9,0.9,0.9,0.9,0.9,0.9,0.9,0.9,0.9,0,0,0,0,0,0,0,0,0
완전딸기주스,Back다방,0.2,0.2,0.2,0.2,0.2,0.2,0.2,0.2,0.2,0.9,0.9,0.9,0.9,0.9,0.9,0.9,0.9,0.9,0,0,0,0,0,0,0,0,0
완전망고주스,Back다방,0.2,0.2,0.2,0.2,0.2,0.2,0.2,0.2,0.2,0.9,0.9,0.9,0.9,0.9,0.9,0.9,0.9,0.9,0,0,0,0,0,0,0,0,0
복숭아에이드,Back다방,0.2,0.2,0.2,0.2,0.2,0.2,0.2,0.2,0.2,0.9,0.9,0.9,0.9,0.9,0.9,0.9,0.9,0.9,0,0,0,0,0,0,0,0,0
밀크쉐이크,Back다방,0.2,-0.05,0.2,0.2,0.2,0.2,0.2,0.2,0.2,0.9,0.9,0.9,0.9,0.9,0.9,0.9,0.9,0.9,0,-0.25,0,0,0,0,0,0,0
고구마스무디,Back다방,0.2,0.2,0.2,0.2,0.2,0.2,0.2,0.2,0.2,0.9,0.9,0.9,0.9,0.9,0.9,0.9,0.9,0.9,0,0,0,0,0,0,0,0,0
블루베리요거트스무디(ICED),Back다방,0.2,0.2,0.2,0.2,0.2,0.2,0.2,0.2,0.2,0.9,0.9,0.9,0.9,0.9,0.9,0.9,0.9,0.9,0,0,0,0,0,0,0,0,0
플레인요거트스무디,Back다방,0.2,0.2,0.2,0.2,0.2,0.2,0.2,0.2,0.2,0.9,0.9,0.9,0.9,0.9,0.9,0.9,0.9,0.9,0,0,0,0,0,0,0,0,0
딸기요거트스무디,Back다방,0.2,0.2,0.2,0.2,0.2,0.2,0.2,0.2,0.2,0.9,0.9,0.9,0.9,0.9,0.9,0.9,0.9,0.9,0,0,0,0,0,0,0,0,0
빽사이즈 초코라떼(ICED),Back다방,0.2,0.2,0.2,0.2,0.2,0.2,0.2,0.2,0.2,0.8,0.8,0.8,0.8,0.8,0.8,0.8,0.8,0.8,0.5,0.5,0.5,0.5,0.5,0.5,0.5,0.5,0.5
빽사이즈 달콤아이스티(ICED),Back다방,0.2,0.2,0.2,0.2,0.2,0.2,0.2,0.2,0.2,0.9,0.9,0.9,0.9,0.9,0.9,0.9,0.9,0.9,0,0,0,0,0,0,0,0,0
고메버터소금빵,Back다방,0,0,0,0.4,0.4,0,0,0,0,0.9,0.9,0.9,0.9,1.3,1.3,0.9,0.9,0.9,0,0,0,0.4,0.4,0,0,0,0
공공치빵(파맛),Back다방,0,0,0,0.4,0.4,0,0,0,0,0.9,0.9,0.9,0.9,1.3,1.3,0.9,0.9,0.9,0,0,0,0.4,0.4,0,0,0,0
공공치빵(초코맛),Back다방,0,0,0,0.4,0.4,0,0,0,0,0.8,0.8,0.8,0.8,1.2,1.2,0.8,0.8,0.8,0.5,0.5,0.5,0.9,0.9,0.5,0.5,0.5,0.5
크리미슈,Back다방,0,0,0,0.4,0.4,0,0,0,0,0.9,0.9,0.9,0.9,1.3,1.3,0.9,0.9,0.9,0,0,0,0.4,0.4,0,0,0,0
크리미단팥빵,Back다방,0,0,0,0.4,0.4,0,0,0,0,0.9,0.9,0.9,0.9,1.3,1.3,0.9,0.9,0.9,0,0,0,0.4,0.4,0,0,0,0
노말한소프트,Back다방,0.9,0.65,0.6,0.9,0.6,0.9,0.6,0.9,0.6,-0.1,0.2,-0.1,0.2,-0.1,0.2,-0.1,0.2,-0.1,0.2,-0.05,-0.1,0.2,-0.1,0.2,-0.1,0.2,-0.1
아포가토,Back다방,0.9,0.65,0.9,0.9,0.9,0.9,0.9,0.9,0.9,0.2,0.2,0.2,0.2,0.2,0.2,0.2,0.2,0.2,0.2,-0.05,0.2,0.2,0.2,0.2,0.2,0.2,0.2
달고나크런치,Back다방,0.9,0.9,0.6,0.9,0.6,0.9,0.6,0.9,0.6,-0.1,0.2,-0.1,0.2,-0.1,0.2,-0.1,0.2,-0.1,0.2,0.2,-0.1,0.2,-0.1,0.2,-0.1,0.2,-0.1
긴페스츄리와플,Back다방,0,0,0,0.4,0.4,0,0,0,0,0,0,0,0,0.4,0.4,0,0,0,0,0,0,0.4,0.4,0,0,0,0
큰마들렌(오리지널),Back다방,0,0,0,0.4,0.4,0,0,0,0,0,0,0,0,0.4,0.4,0,0,0,0,0,0,0.4,0.4,0,0,0,0
네모머핀(초콜릿),Back다방,0,0,0,0.4,0.4,0,0,0,0,0.8,0.8,0.8,0.8,1.2,1.2,0.8,0.8,0.8,0.5,0.5,0.5,0.9,0.9,0.5,0.5,0.5,0.5
사라다빵,Back다방,0,0,0,0.4,0.4,0,0,0,0,0,0,0,0,0.4,0.4,0,0,0,0,0,0,0.4,0.4,0,0,0,0
소세지빵,Back다방,0,0,0,0.4,0.4,0,0,0,0,0,0,0,0,0.4,0.4,0,0,0,0,0,0,0.4,0.4,0,0,0,0
빽그램핫도그,Back다방,0,0,0,0.4,0.4,0,0,0,0,0,0,0,0,0.4,0.4,0,0,0,0,0,0,0.4,0.4,0,0,0,0
맛카롱(순우유),Back다방,0,0,0,0.4,0.4,0,0,0,0,0,0,0,0,0.4,0.4,0,0,0,0,0,0,0.4,0.4,0,0,0,0
맛카롱(초코크런치),Back다방,0,0,0,0.4,0.4,0,0,0,0,0.8,0.8,0.8,0.8,1.2,1.2,0.8,0.8,0.8,0.5,0.5,0.5,0.9,0.9,0.5,0.5,0.5,0.5
맛카롱(딸기크런치),Back다방,0,0,0,0.4,0.4,0,0,0,0,0,0,0,0,0.4,0.4,0,0,0,0,0,0,0.4,0.4,0,0,0,0
원조빽스치노(BASIC),Back다방,0.2,-0.05,0.2,0.2,0.2,0.55,0.55,0.2,0.2,0.9,0.9,1.25,1.25,0.9,0.9,0.9,0.9,0.9,0,-0.25,0,0,0,0.35,0.35,0,0
원조빽스치노(SOFT),Back다방,0.9,0.65,0.9,0.9,0.9,1.25,1.25,0.9,0.9,0.9,0.9,1.25,1.25,0.9,0.9,0.9,0.9,0.9,0.2,-0.05,0.2,0.2,0.2,0.55,0.55,0.2,0.2
딸기바나나빽스치노(BASIC),Back다방,0.2,-0.05,0.2,0.2,0.2,0.55,0.55,0.2,0.2,0.9,0.9,1.25,1.25,0.9,0.9,0.9,0.9,0.9,0,-0.25,0,0,0,0.35,0.35,0,0
딸기바나나빽스치노(SOFT),Back다방,0.9,0.65,0.9,0.9,0.9,1.25,1.25,0.9,0.9,0.9,0.9,1.25,1.25,0.9,0.9,0.9,0.9,0.9,0.2,-0.05,0.2,0.2,0.2,0.55,0.55,0.2,0.2
초코바나나빽스치노(BASIC),Back다방,0.2,-0.05,0.2,0.2,0.2,0.55,0.55,0.2,0.2,0.8,0.8,1.15,1.15,0.8,0.8,0.8,0.8,0.8,0.5,0.25,0.5,0.5,0.5,0.85,0.85,0.5,0.5
초코바나나빽스치노(SOFT),Back다방,0.9,0.65,0.9,0.9,0.9,1.25,1.25,0.9,0.9,0.8,0.8,1.15,1.15,0.8,0.8,0.8,0.8,0.8,0.5,0.25,0.5,0.5,0.5,0.85,0.85,0.5,0.5
딸기 빽스치노(BASIC),Back다방,0.2,-0.05,0.2,0.2,0.2,0.55,0.55,0.2,0.2,0,0,0.35,0.35,0,0,0,0,0,0,-0.25,0,0,0,0.35,0.35,0,0
딸기 빽스치노(SOFT),Back다방,0.9,0.65,0.9,0.9,0.9,1.25,1.25,0.9,0.9,0.9,0.9,1.25,1.25,0.9,0.9,0.9,0.9,0.9,0.2,-0.05,0.2,0.2,0.2,0.55,0.55,0.2,0.2
녹차빽스치노(BASIC),Back다방,0.2,-0.05,0.2,0.2,0.2,0.55,0.55,0.2,0.2,0.9,0.9,1.25,1.25,0.9,0.9,0.9,0.9,0.9,0,-0.25,0,0,0,0.35,0.35,0,0
녹차빽스치노(SOFT),Back다방,0.9,0.65,0.9,0.9,0.9,1.25,1.25,0.9,0.9,0.9,0.9,1.25,1.25,0.9,0.9,0.9,0.9,0.9,0.2,-0.05,0.2,0.2,0.2,0.55,0.55,0.2,0.2
민트초코빽스치노(BASIC),Back다방,0.2,-0.05,0.2,0.2,0.2,0.55,0.55,0.2,0.2,0.8,0.8,1.15,1.15,0.8,0.8,0.8,0.8,0.8,0.5,0.25,0.5,0.5,0.5,0.85,0.85,0.5,0.5
민트초코빽스치노(SOFT),Back다방,0.9,0.65,0.9,0.9,0.9,1.25,1.25,0.9,0.9,0.8,0.8,1.15,1.15,0.8,0.8,0.8,0.8,0.8,0.5,0.25,0.5,0.5,0.5,0.85,0.85,0.5,0.5
쿠키크런치빽스치노(BASIC),Back다방,0.2,-0.05,0.2,0.2,0.2,0.55,0.55,0.2,0.2,0.9,0.9,1.25,1.25,0.9,0.9,0.9,0.9,0.9,0,-0.25,0,0,0,0.35,0.35,0,0
쿠키크런치빽스치노(SOFT),Back다방,0.9,0.65,0.9,0.9,0.9,1.25,1.25,0.9,0.9,0.9,0.9,1.25,1.25,0.9,0.9,0.9,0.9,0.9,0.2,-0.05,0.2,0.2,0.2,0.55,0.55,0.2,0.2
초코빽스치노(BASIC),Back다방,0.2,-0.05,0.2,0.2,0.2,0.55,0.55,0.2,0.2,0.8,0.8,1.15,1.15,0.8,0.8,0.8,0.8,0.8,0.5,0.25,0.5,0.5,0.5,0.85,0.85,0.5,0.5
초코빽스치노(SOFT),Back다방,0.9,0.65,0.9,0.9,0.9,1.25,1.25,0.9,0.9,0.8,0.8,1.15,1.15,0.8,0.8,0.8,0.8,0.8,0.5,0.25,0.5,0.5,0.5,0.85,0.85,0.5,0.5
피스타치오빽스치노(BASIC),Back다방,0.2,-0.05,0.2,0.2,0.2,0.55,0.55,0.2,0.2,0.9,0.9,1.25,1.25,0.9,0.9,0.9,0.9,0.9,0,-0.25,0,0,0,0.35,0.35,0,0
피스타치오빽스치노(SOFT),Back다방,0.9,0.65,0.9,0.9,0.9,1.25,1.25,0.9,0.9,0.9,0.9,1.25,1.25,0.9,0.9,0.9,0.9,0.9,0.2,-0.05,0.2,0.2,0.2,0.55,0.55,0.2,0.2
퐁당치노(바닐라),Back다방,0.2,0.2,0.2,0.2,0.2,0.2,0.2,0.2,0.2,0.9,0.9,0.9,0.9,0.9,0.9,0.9,0.9,0.9,0,0,0,0,0,0,0,0,0
퐁당치노(원조커피),Back다방,0.2,0.2,0.2,0.2,0.2,0.2,0.2,0.2,0.2,0.9,0.9,0.9,0.9,0.9,0.9,0.9,0.9,0.9,0,0,0,0,0,0,0,0,0
퐁당치노(미숫가루),Back다방,0.2,0.2,0.2,0.2,0.2,0.2,0.2,0.2,0.2,0.9,0.9,0.9,0.9,0.9,0.9,0.9,0.9,0.9,0,0,0,0,0,0,0,0,0
봉골레파스타,롤링파스타,1.05,1.15,0.6,1.4,0.95,1,0.55,1.3,0.85,-0.15,0.3,-0.45,0,-0.05,0.4,-0.4,0.05,-0.4,0.05,0.15,-0.4,0.4,-0.05,0,-0.45,0.3,-0.15
매운우삼겹오일파스타,롤링파스타,1.05,1.15,0.6,1.4,0.95,1,0.55,1.3,0.85,-0.15,0.3,-0.45,0,-0.05,0.4,-0.4,0.05,-0.4,0.05,0.15,-0.4,0.4,-0.05,0,-0.45,0.3,-0.15
알리오 올리오,롤링파스타,1.05,1.15,0.6,1.4,0.95,1,0.55,1.3,0.85,-0.15,0.3,-0.45,0,-0.05,0.4,-0.4,0.05,-0.4,0.05,0.15,-0.4,0.4,-0.05,0,-0.45,0.3,-0.15
스테이크크림파스타,롤링파스타,1.05,1.15,0.6,1.4,0.95,1,0.55,1.3,0.85,-0.15,0.3,-0.45,0,-0.05,0.4,-0.4,0.05,-0.4,0.05,0.15,-0.4,0.4,-0.05,0,-0.45,0.3,-0.15
해물크림파스타,롤링파스타,1.05,1.15,0.6,1.4,0.95,1,0.55,1.3,0.85,-0.15,0.3,-0.45,0,-0.05,0.4,-0.4,0.05,-0.4,0.05,0.15,-0.4,0.4,-0.05,0,-0.45,0.3,-0.15
매운 크림 파스타,롤링파스타,1.05,1.15,0.6,1.4,0.95,1,0.55,1.3,0.85,-0.15,0.3,-0.45,0,-0.05,0.4,-0.4,0.05,-0.4,0.05,0.15,-0.4,0.4,-0.05,0,-0.45,0.3,-0.15
로제크림쉬림프파스타,롤링파스타,1.05,1.15,0.6,1.4,0.95,1,0.55,1.3,0.85,-0.15,0.3,-0.45,0,-0.05,0.4,-0.4,0.05,-0.4,0.05,0.15,-0.4,0.4,-0.05,0,-0.45,0.3,-0.15
로제크림쉬림프파스타,롤링파스타,1.05,1.15,0.6,1.4,0.95,1,0.55,1.3,0.85,-0.15,0.3,-0.45,0,-0.05,0.4,-0.4,0.05,-0.4,0.05,0.15,-0.4,0.4,-0.05,0,-0.45,0.3,-0.15
까르보나라,롤링파스타,1.05,1.15,0.6,1.4,0.95,1,0.55,1.3,0.85,-0.15,0.3,-0.45,0,-0.05,0.4,-0.4,0.05,-0.4,0.05,0.15,-0.4,0.4,-0.05,0,-0.45,0.3,-0.15
빼쉐파스타,롤링파스타,1.05,1.15,0.6,1.4,0.95,1,0.55,1.3,0.85,-0.15,0.3,-0.45,0,-0.05,0.4,-0.4,0.05,-0.4,0.05,0.15,-0.4,0.4,-0.05,0,-0.45,0.3,-0.15
매운 우삼겹토마토 파스타,롤링파스타,1.05,1.15,0.6,1.4,0.95,1,0.55,1.3,0.85,-0.15,0.3,-0.45,0,-0.05,0.4,-0.4,0.05,-0.4,0.05,0.15,-0.4,0.4,-0.05,0,-0.45,0.3,-0.15
바질페스토 크림파스타,롤링파스타,1.05,1.15,0.6,1.4,0.95,1,0.55,1.3,0.85,-0.15,0.3,-0.45,0,-0.05,0.4,-0.4,0.05,-0.4,0.05,0.15,-0.4,0.4,-0.05,0,-0.45,0.3,-0.15
트러플 크림 파스타,롤링파스타,1.05,1.15,0.6,1.4,0.95,1,0.55,1.3,0.85,-0.15,0.3,-0.45,0,-0.05,0.4,-0.4,0.05,-0.4,0.05,0.15,-0.4,0.4,-0.05,0,-0.45,0.3,-0.15
해물 토마토 파스타,롤링파스타,1.05,1.15,0.6,1.4,0.95,1,0.55,1.3,0.85,-0.15,0.3,-0.45,0,-0.05,0.4,-0.4,0.05,-0.4,0.05,0.15,-0.4,0.4,-0.05,0,-0.45,0.3,-0.15
토마토 파스타,롤링파스타,1.05,1.15,0.6,1.4,0.95,1,0.55,1.3,0.85,-0.15,0.3,-0.45,0,-0.05,0.4,-0.4,0.05,-0.4,0.05,0.15,-0.4,0.4,-0.05,0,-0.45,0.3,-0.15
쉬림프베이컨피자,롤링파스타,1.05,1.15,0.7,1.4,1.05,1,0.65,1.3,0.95,-0.05,0.3,-0.35,0,0.05,0.4,-0.3,0.05,-0.3,0.05,0.15,-0.3,0.4,0.05,0,-0.35,0.3,-0.05
고르곤졸라피자,롤링파스타,1.05,1.15,0.7,1.4,1.05,1,0.65,1.3,0.95,-0.05,0.3,-0.35,0,0.05,0.4,-0.3,0.05,-0.3,0.05,0.15,-0.3,0.4,0.05,0,-0.35,0.3,-0.05
마르게리따 피자,롤링파스타,1.05,1.15,0.7,1.4,1.05,1,0.65,1.3,0.95,-0.05,0.3,-0.35,0,0.05,0.4,-0.3,0.05,-0.3,0.05,0.15,-0.3,0.4,0.05,0,-0.35,0.3,-0.05
크림치즈샐러드,롤링파스타,0.05,0.15,-0.4,0.4,-0.05,0,-0.45,0.3,-0.15,-0.15,0.3,-0.45,0,-0.05,0.4,-0.4,0.05,-0.4,0.05,0.15,-0.4,0.4,-0.05,0,-0.45,0.3,-0.15
그린샐러드,롤링파스타,0.05,0.15,-0.4,0.4,-0.05,0,-0.45,0.3,-0.15,-0.15,0.3,-0.45,0,-0.05,0.4,-0.4,0.05,-0.4,0.05,0.15,-0.4,0.4,-0.05,0,-0.45,0.3,-0.15
그릴닭가슴살샐러드,롤링파스타,0.05,0.15,-0.4,0.4,-0.05,0,-0.45,0.3,-0.15,-0.15,0.3,-0.45,0,-0.05,0.4,-0.4,0.05,-0.4,0.05,0.15,-0.4,0.4,-0.05,0,-0.45,0.3,-0.15
더블 매쉬드 샐러드,롤링파스타,0.05,0.15,-0.4,0.4,-0.05,0,-0.45,0.3,-0.15,-0.15,0.3,-0.45,0,-0.05,0.4,-0.4,0.05,-0.4,0.05,0.15,-0.4,0.4,-0.05,0,-0.45,0.3,-0.15
우사겹도리아,롤링파스타,0.05,0.15,0.4,0.4,0.75,0,0.35,0.3,0.65,0.65,0.3,0.35,0,0.75,0.4,0.4,0.05,0.4,0.05,0.15,0.4,0.4,0.75,0,0.35,0.3,0.65
쉬림프필라프,롤링파스타,0.05,0.15,0.4,0.4,0.75,0,0.35,0.3,0.65,0.65,0.3,0.35,0,0.75,0.4,0.4,0.05,0.4,0.05,0.15,0.4,0.4,0.75,0,0.35,0.3,0.65
스테이크필라프,롤링파스타,0.05,0.15,0.4,0.4,0.75,0,0.35,0.3,0.65,0.65,0.3,0.35,0,0.75,0.4,0.4,0.05,0.4,0.05,0.15,0.4,0.4,0.75,0,0.35,0.3,0.65
우삼겹필라프,롤링파스타,0.05,0.15,0.4,0.4,0.75,0,0.35,0.3,0.65,0.65,0.3,0.35,0,0.75,0.4,0.4,0.05,0.4,0.05,0.15,0.4,0.4,0.75,0,0.35,0.3,0.65
자장면(곱),홍콩반점,0,0,0.3,0,0.3,0,0.3,0,0.3,0.3,0,0.3,0,0.3,0,0.3,0,0.3,0,0,0.3,0,0.3,0,0.3,0,0.3
고추짜장(곱),홍콩반점,0,0,0.3,0,0.3,0,0.3,0,0.3,0.3,0,0.3,0,0.3,0,0.3,0,0.3,0,0,0.3,0,0.3,0,0.3,0,0.3
짬뽕(곱),홍콩반점,0,0,0.3,0,0.3,0,0.3,0,0.3,0.3,0,0.3,0,0.3,0,0.3,0,0.3,0,0,0.3,0,0.3,0,0.3,0,0.3
고추짬뽕(곱),홍콩반점,0,0,0.3,0,0.3,0,0.3,0,0.3,0.3,0,0.3,0,0.3,0,0.3,0,0.3,0,0,0.3,0,0.3,0,0.3,0,0.3
쟁반짜장,홍콩반점,0,0,0.3,0,0.3,0,0.3,0,0.3,0.3,0,0.3,0,0.3,0,0.3,0,0.3,0,0,0.3,0,0.3,0,0.3,0,0.3
볶음짬뽕,홍콩반점,0,0,0.3,0,0.3,0,0.3,0,0.3,0.3,0,0.3,0,0.3,0,0.3,0,0.3,0,0,0.3,0,0.3,0,0.3,0,0.3
냉짬뽕,홍콩반점,0,0,0.3,0,0.3,0,0.3,0,0.3,0.3,0,0.3,0,0.3,0,0.3,0,0.3,0,0,0.3,0,0.3,0,0.3,0,0.3
짜장밥,홍콩반점,0,0,0.3,0,0.3,0,0.3,0,0.3,0.3,0,0.3,0,0.3,0,0.3,0,0.3,0,0,0.3,0,0.3,0,0.3,0,0.3
공기밥,홍콩반점,0,0,0.3,0,0.3,0,0.3,0,0.3,0.3,0,0.3,0,0.3,0,0.3,0,0.3,0,0,0.3,0,0.3,0,0.3,0,0.3
짬뽕밥,홍콩반점,0,0,0.3,0,0.3,0,0.3,0,0.3,0.3,0,0.3,0,0.3,0,0.3,0,0.3,0,0,0.3,0,0.3,0,0.3,0,0.3
고추짬뽕밥,홍콩반점,0,0,0.3,0,0.3,0,0.3,0,0.3,0.3,0,0.3,0,0.3,0,0.3,0,0.3,0,0,0.3,0,0.3,0,0.3,0,0.3
"탕수육(소,중,대)",홍콩반점,0,0,0.3,0,0.3,0,0.3,0,0.3,0.3,0,0.3,0,0.3,0,0.3,0,0.3,0,0,0.3,0,0.3,0,0.3,0,0.3
"깐풍기(소,중,대)",홍콩반점,0,0,0.3,0,0.3,0,0.3,0,0.3,0.3,0,0.3,0,0.3,0,0.3,0,0.3,0,0,0.3,0,0.3,0,0.3,0,0.3
해물육교자,홍콩반점,0,0,0.3,0,0.3,0,0.3,0,0.3,0.3,0,0.3,0,0.3,0,0.3,0,0.3,0,0,0.3,0,0.3,0,0.3,0,0.3
군만두,홍콩반점,0,0,0.3,0,0.3,0,0.3,0,0.3,0.3,0,0.3,0,0.3,0,0.3,0,0.3,0,0,0.3,0,0.3,0,0.3,0,0.3
홍콩꽃빵,홍콩반점,0,0,0.3,0,0.3,0,0.3,0,0.3,0.3,0,0.3,0,0.3,0,0.3,0,0.3,0,0,0.3,0,0.3,0,0.3,0,0.3
군만두,홍콩반점,0,0,0.3,0,0.3,0,0.3,0,0.3,0.3,0,0.3,0,0.3,0,0.3,0,0.3,0,0,0.3,0,0.3,0,0.3,0,0.3
7분 돼지김치,새마을식당,0.1,0,0.45,0.55,0.9,0.15,0.5,0.6,0.95,1.25,0.9,0.8,0.45,1.2,0.85,0.75,0.4,0.75,0.7,0.6,1.05,1.15,1.5,0.75,1.1,1.2,1.55
제육볶음,새마을식당,0.1,0,0.45,0.55,0.9,0.15,0.5,0.6,0.95,1.55,1.2,1.1,0.75,1.5,1.15,1.05,0.7,1.05,0.3,0.2,0.65,0.75,1.1,0.35,0.7,0.8,1.15
불백,새마을식당,0.1,0,0.45,0.55,0.9,0.15,0.5,0.6,0.95,1.55,1.2,1.1,0.75,1.5,1.15,1.05,0.7,1.05,0.3,0.2,0.65,0.75,1.1,0.35,0.7,0.8,1.15
용암,새마을식당,0.1,0,0.45,0.55,0.9,0.15,0.5,0.6,0.95,1.25,0.9,0.8,0.45,1.2,0.85,0.75,0.4,0.75,0.7,0.6,1.05,1.15,1.5,0.75,1.1,1.2,1.55
된장바지락찌개,새마을식당,0.1,0,0.5,0.55,0.95,0.15,0.55,0.6,1,1.6,1.2,1.15,0.75,1.55,1.15,1.1,0.7,1.1,0.3,0.2,0.7,0.75,1.15,0.35,0.75,0.8,1.2
냉김치말이국수,새마을식당,0.1,0,-0.05,0.55,0.4,0.15,2.78E-17,0.6,0.45,0.95,1.1,0.5,0.65,0.9,1.05,0.45,0.6,0.45,0,-0.1,-0.15,0.45,0.3,0.05,-0.1,0.5,0.35
멸치국수,새마을식당,0.1,0,0.2,0.55,0.65,0.15,0.25,0.6,0.7,1.2,1.1,0.75,0.65,1.15,1.05,0.7,0.6,0.7,0,-0.1,0.1,0.45,0.55,0.05,0.15,0.5,0.6
치즈폭탄계란찜,새마을식당,0.1,-0.2,0.45,0.1,0.45,0.1,0.45,0.6,0.95,1.45,1.1,0.95,0.6,0.95,0.6,0.95,0.6,0.95,0,-0.3,0.35,0,0.35,0,0.35,0.5,0.85
옛날우동,역전우동,0.1,0.1,0.2,0.1,0.2,0.15,0.25,0.6,0.7,1,0.9,0.55,0.45,0.5,0.4,0.5,0.4,0.5,0.7,0.7,0.8,0.7,0.8,0.75,0.85,1.2,1.3
냉모밀,역전우동,0.1,0.1,-0.05,0.1,-0.05,0.1,-0.05,0.6,0.45,0.95,1.1,0.45,0.6,0.45,0.6,0.45,0.6,0.45,0,0,-0.15,0,-0.15,0,-0.15,0.5,0.35
들기름모밀,역전우동,0.1,0.1,-0.05,0.1,-0.05,0.1,-0.05,0.6,0.45,0.95,1.1,0.45,0.6,0.45,0.6,0.45,0.6,0.45,0,0,-0.15,0,-0.15,0,-0.15,0.5,0.35
매운모둠어묵우동,역전우동,0.1,0.1,0.2,0.1,0.2,0.15,0.25,0.1,0.2,0.7,0.6,0.75,0.65,0.7,0.6,0.7,0.6,0.7,0,0,0.1,0,0.1,0.05,0.15,0,0.1
김치우동,역전우동,0.1,0.1,0.2,0.1,0.2,0.15,0.25,0.1,0.2,0.7,0.6,0.75,0.65,0.7,0.6,0.7,0.6,0.7,0,0,0.1,0,0.1,0.05,0.15,0,0.1
오뎅우동,역전우동,0.1,0.1,0.2,0.1,0.2,0.15,0.25,0.1,0.2,0.7,0.6,0.75,0.65,0.7,0.6,0.7,0.6,0.7,0,0,0.1,0,0.1,0.05,0.15,0,0.1
새우튀김우동,역전우동,0.1,0.1,0.2,0.1,0.2,0.15,0.25,0.1,0.2,0.7,0.6,0.75,0.65,0.7,0.6,0.7,0.6,0.7,0,0,0.1,0,0.1,0.05,0.15,0,0.1
카레우동,역전우동,0.1,0.1,0.05,0.25,0.2,0.15,0.1,0.1,0.05,0.55,0.6,0.6,0.65,0.7,0.75,0.55,0.6,0.55,0,0,-0.05,0.15,0.1,0.05,0,0,-0.05
소불고기우동,역전우동,0.1,0.1,0.2,0.1,0.2,0.15,0.25,0.1,0.2,0.7,0.6,0.75,0.65,0.7,0.6,0.7,0.6,0.7,0,0,0.1,0,0.1,0.05,0.15,0,0.1
냉우동,역전우동,0.1,0.1,-0.05,0.1,-0.05,0.15,2.78E-17,0.1,-0.05,0.45,0.6,0.5,0.65,0.45,0.6,0.45,0.6,0.45,0,0,-0.15,0,-0.15,0.05,-0.1,0,-0.15
우볶이,역전우동,0.1,-0.2,0.45,0.1,0.45,0.15,0.5,0.1,0.45,0.95,0.6,1,0.65,0.95,0.6,0.95,0.6,0.95,0,-0.3,0.35,0,0.35,0.05,0.4,0,0.35
얼큰우동,역전우동,0.1,0.1,0.2,0.1,0.2,0.15,0.25,0.1,0.2,0.7,0.6,0.75,0.65,0.7,0.6,0.7,0.6,0.7,0,0,0.1,0,0.1,0.05,0.15,0,0.1
소불고기김치덮밥,역전우동,0.1,0,-0.1,0.55,0.35,0.15,-0.05,0.6,0.4,1,1.2,0.55,0.75,0.95,1.15,0.5,0.7,0.5,0.3,0.2,0.1,0.75,0.55,0.35,0.15,0.8,0.6
매콤제육덮밥,역전우동,0.1,0,-0.1,0.55,0.35,0.15,-0.05,0.6,0.4,0.7,0.9,0.25,0.45,0.65,0.85,0.2,0.4,0.2,0.7,0.6,0.5,1.15,0.95,0.75,0.55,1.2,1
돈까스덮밥,역전우동,0.1,-0.2,-0.1,0.1,-0.1,0.15,-0.05,0.6,0.4,1,1.2,0.55,0.75,0.5,0.7,0.5,0.7,0.5,0.3,0,0.1,0.3,0.1,0.35,0.15,0.8,0.6
카레덮밥,역전우동,0.1,-0.1,-0.1,0.25,0.05,0.15,-0.05,0.6,0.4,1,1.2,0.55,0.75,0.65,0.85,0.5,0.7,0.5,0.3,0.1,0.1,0.45,0.25,0.35,0.15,0.8,0.6
매콤치킨마요덮밥,역전우동,0.1,-0.2,-0.1,0.1,-0.1,0.15,-0.05,0.6,0.4,1,1.2,0.8,1,0.5,0.7,0.5,0.7,0.5,0.3,0,0.1,0.3,0.1,0.35,0.15,0.8,0.6
"돈까스덮밥 우동,모밀세트",역전우동,0.1,0.1,-0.1,0.1,-0.1,0.1,-0.1,0.6,0.4,0.9,1.1,0.4,0.6,0.4,0.6,0.4,0.6,0.4,0,0,-0.2,0,-0.2,0,-0.2,0.5,0.3
"카레덮밥 우동, 모밀세트",역전우동,0.1,0.1,-0.1,0.25,0.05,0.1,-0.1,0.6,0.4,0.9,1.1,0.4,0.6,0.55,0.75,0.4,0.6,0.4,0,0,-0.2,0.15,-0.05,0,-0.2,0.5,0.3
"매콤제육덮밥 우동, 모밀세트",역전우동,0.1,0.1,-0.1,0.55,0.35,0.1,-0.1,0.6,0.4,0.9,1.1,0.4,0.6,0.85,1.05,0.4,0.6,0.4,0,0,-0.2,0.45,0.25,0,-0.2,0.5,0.3
"매콤치킨마요덮밥 우동, 모밀세트",역전우동,0.1,0.1,-0.1,0.55,0.35,0.1,-0.1,0.6,0.4,0.9,1.1,0.4,0.6,0.85,1.05,0.4,0.6,0.4,0,0,-0.2,0.45,0.25,0,-0.2,0.5,0.3
"소불고기김치덮밥 우동,모밀세트",역전우동,0.1,0.1,-0.1,0.55,0.35,0.1,-0.1,0.6,0.4,0.9,1.1,0.4,0.6,0.85,1.05,0.4,0.6,0.4,0,0,-0.2,0.45,0.25,0,-0.2,0.5,0.3
치킨미니덮밥,역전우동,0.1,-0.2,-0.1,0.1,-0.1,0.25,0.05,0.6,0.4,0.9,1.1,0.55,0.75,0.4,0.6,0.4,0.6,0.4,0,-0.3,-0.2,0,-0.2,0.15,-0.05,0.5,0.3
명란미니덮밥,역전우동,0.1,-0.2,-0.1,0.1,-0.1,0.1,-0.1,0.6,0.4,0.9,1.1,0.4,0.6,0.4,0.6,0.4,0.6,0.4,0,-0.3,-0.2,0,-0.2,0,-0.2,0.5,0.3
돼지갈비맛튀김,역전우동,0.1,-0.2,0.55,0.1,0.55,0.1,0.55,0.15,0.6,1.1,0.65,1.05,0.6,1.05,0.6,1.05,0.6,1.05,0,-0.3,0.45,0,0.45,0,0.45,0.05,0.5
불만두,역전우동,0.1,0.1,0.4,0.1,0.4,0.1,0.4,0.1,0.4,0.9,0.6,0.9,0.6,0.9,0.6,0.9,0.6,0.9,0,0,0.3,0,0.3,0,0.3,0,0.3
불오뎅,역전우동,0.1,0.1,-0.35,0.1,-0.35,0.15,-0.3,0.1,-0.35,0.15,0.6,0.2,0.65,0.15,0.6,0.15,0.6,0.15,0,0,-0.45,0,-0.45,0.05,-0.4,0,-0.45
새우튀김,역전우동,0.1,0.1,-0.35,0.1,-0.35,0.1,-0.35,0.1,-0.35,0.15,0.6,0.15,0.6,0.15,0.6,0.15,0.6,0.15,0,0,-0.45,0,-0.45,0,-0.45,0,-0.45
왕만두튀김,역전우동,0.1,0.1,0.4,0.1,0.4,0.1,0.4,0.1,0.4,0.9,0.6,0.9,0.6,0.9,0.6,0.9,0.6,0.9,0,0,0.3,0,0.3,0,0.3,0,0.3
매콤김말이,역전우동,0.1,0.1,0.55,0.1,0.55,0.1,0.55,0.1,0.55,1.05,0.6,1.05,0.6,1.05,0.6,1.05,0.6,1.05,0,0,0.45,0,0.45,0,0.45,0,0.45
양파마요치킨,역전우동,0.1,-0.2,0.4,0.1,0.4,0.25,0.55,0.1,0.4,0.9,0.6,1.05,0.75,0.9,0.6,0.9,0.6,0.9,0,-0.3,0.3,0,0.3,0.15,0.45,0,0.3
황금계란볶음밥,고투웍,0,-0.1,0.3,0.05,0.35,0,0.3,0,0.3,0.7,0.4,0.7,0.4,0.75,0.45,0.7,0.4,0.7,0.7,0.6,1,0.75,1.05,0.7,1,0.7,1
차우차우면,고투웍,0,0,0.3,0.05,0.35,0,0.3,0,0.3,0.9,0.6,0.9,0.6,0.95,0.65,0.9,0.6,0.9,0.7,0.7,1,0.75,1.05,0.7,1,0.7,1
흑후추쇠고기,고투웍,0,-0.1,0.3,0.05,0.35,0,0.3,0,0.3,0.7,0.4,0.7,0.4,0.75,0.45,0.7,0.4,0.7,0.7,0.6,1,0.75,1.05,0.7,1,0.7,1
트리플베리탕수육,고투웍,0,0,0.3,0.05,0.35,0,0.3,0,0.3,0.3,0,0.3,0,0.35,0.05,0.3,0,0.3,0,0,0.3,0.05,0.35,0,0.3,0,0.3
스리라차마요새우,고투웍,0,0,0.3,0.05,0.35,0,0.3,0,0.3,0.9,0.6,0.9,0.6,0.95,0.65,0.9,0.6,0.9,0,0,0.3,0.05,0.35,0,0.3,0,0.3
고추깐풍치킨,고투웍,0,-0.3,0.3,0.05,0.35,0.15,0.45,0,0.3,0.9,0.6,1.05,0.75,0.95,0.65,0.9,0.6,0.9,0.1,-0.2,0.4,0.15,0.45,0.25,0.55,0.1,0.4
고추난자완쓰,고투웍,0,0,0.3,0.05,0.35,0,0.3,0,0.3,0.9,0.6,0.9,0.6,0.95,0.65,0.9,0.6,0.9,0,0,0.3,0.05,0.35,0,0.3,0,0.3
두부가지볶음,고투웍,0,-0.1,0.3,0.05,0.35,0.05,0.35,0,0.3,0.7,0.4,0.75,0.45,0.75,0.45,0.7,0.4,0.7,0,-0.1,0.3,0.05,0.35,0.05,0.35,0,0.3
쿵파오치킨,고투웍,0,0,0.3,0.05,0.35,0.15,0.45,0,0.3,0.9,0.6,1.05,0.75,0.95,0.65,0.9,0.6,0.9,0.1,0.1,0.4,0.15,0.45,0.25,0.55,0.1,0.4
새송이치킨,고투웍,0,0,0.3,0.05,0.35,0.15,0.45,0,0.3,0.9,0.6,1.05,0.75,0.95,0.65,0.9,0.6,0.9,0.1,0.1,0.4,0.15,0.45,0.25,0.55,0.1,0.4
마라탕,고투웍,0,0,0.3,0.05,0.35,0.1,0.4,0,0.3,0.9,0.6,1,0.7,0.95,0.65,0.9,0.6,0.9,0.9,0.9,1.2,0.95,1.25,1,1.3,0.9,1.2
마라범벅,고투웍,0,0,0.3,0.05,0.35,0,0.3,0,0.3,0.9,0.6,0.9,0.6,0.95,0.65,0.9,0.6,0.9,0.9,0.9,1.2,0.95,1.25,0.9,1.2,0.9,1.2
인생설렁탕,인생설렁탕,0.1,0.45,0.5,0.35,0.75,0.2,0.6,0.6,1,1.6,1.2,1.2,0.8,1.35,0.95,1.1,0.7,1.1,0.3,0.65,0.7,0.55,0.95,0.4,0.8,0.8,1.2
시래기된장설렁탕,인생설렁탕,0.1,0.45,0.5,0.35,0.75,0.2,0.6,0.6,1,1.6,1.2,1.2,0.8,1.35,0.95,1.1,0.7,1.1,0.3,0.65,0.7,0.55,0.95,0.4,0.8,0.8,1.2
들깨해장탕,인생설렁탕,0.1,0.45,0.5,0.35,0.75,0.2,0.6,0.6,1,1.6,1.2,1.2,0.8,1.35,0.95,1.1,0.7,1.1,0.3,0.65,0.7,0.55,0.95,0.4,0.8,0.8,1.2
곱빼기설렁탕,인생설렁탕,0.1,0.45,0.5,0.35,0.75,0.2,0.6,0.6,1,1.6,1.2,1.2,0.8,1.35,0.95,1.1,0.7,1.1,0.3,0.65,0.7,0.55,0.95,0.4,0.8,0.8,1.2
스지설렁탕,인생설렁탕,0.1,0.45,0.5,0.35,0.75,0.2,0.6,0.6,1,1.6,1.2,1.2,0.8,1.35,0.95,1.1,0.7,1.1,0.3,0.65,0.7,0.55,0.95,0.4,0.8,0.8,1.2
옛날불고기,인생설렁탕,0.1,0,0.45,0.55,0.9,0.15,0.5,0.6,0.95,1.55,1.2,1.1,0.75,1.5,1.15,1.05,0.7,1.05,0.3,0.2,0.65,0.75,1.1,0.35,0.7,0.8,1.15
양곱창전골,인생설렁탕,0.1,0,0.3,0.55,0.75,0.2,0.4,0.6,0.8,1.4,1.2,1,0.8,1.35,1.15,0.9,0.7,0.9,0.3,0.2,0.5,0.75,0.95,0.4,0.6,0.8,1
인생수육한판,인생설렁탕,0.1,0,0.2,0.55,0.65,0.15,0.25,0.6,0.7,1.1,1.2,0.65,0.75,1.05,1.15,0.6,0.7,0.6,0.3,0.2,0.4,0.75,0.85,0.35,0.45,0.8,0.9
국물불스지,인생설렁탕,0.1,0.1,0.2,0.55,0.65,0.1,0.2,0.6,0.7,1.1,1.2,0.6,0.7,1.05,1.15,0.6,0.7,0.6,0.3,0.3,0.4,0.75,0.85,0.3,0.4,0.8,0.9
목포식수육무침,인생설렁탕,0.1,0,0.2,0.55,0.65,0.15,0.25,0.6,0.7,0.8,0.9,0.35,0.45,0.75,0.85,0.3,0.4,0.3,0.7,0.6,0.8,1.15,1.25,0.75,0.85,1.2,1.3
인생물냉면,인생설렁탕,0.1,-0.25,-0.05,0.55,0.4,0.5,0.35,0.6,0.45,0.95,1.1,0.85,1,0.9,1.05,0.45,0.6,0.45,0,-0.35,-0.15,0.45,0.3,0.4,0.25,0.5,0.35
인생비빔냉면,인생설렁탕,0.1,-0.25,-0.05,0.55,0.4,0.5,0.35,0.6,0.45,0.95,1.1,0.85,1,0.9,1.05,0.45,0.6,0.45,0,-0.35,-0.15,0.45,0.3,0.4,0.25,0.5,0.35
마라샹궈,리춘시장,0.15,0.15,0.45,0.15,0.45,0,0.3,0,0.3,0.9,0.6,0.9,0.6,1.05,0.75,1.05,0.75,1.05,1.05,1.05,1.35,1.05,1.35,0.9,1.2,0.9,1.2
마라탕,리춘시장,0.15,0.15,0.45,0.15,0.45,0.1,0.4,0,0.3,0.9,0.6,1,0.7,1.05,0.75,1.05,0.75,1.05,1.05,1.05,1.35,1.05,1.35,1,1.3,0.9,1.2
마라편,리춘시장,0.15,0.15,0.45,0.15,0.45,0,0.3,0,0.3,0.9,0.6,0.9,0.6,1.05,0.75,1.05,0.75,1.05,1.05,1.05,1.35,1.05,1.35,0.9,1.2,0.9,1.2
마라감튀,리춘시장,0.15,0.15,0.45,0.15,0.45,0,0.3,0,0.3,0.9,0.6,0.9,0.6,1.05,0.75,1.05,0.75,1.05,1.05,1.05,1.35,1.05,1.35,0.9,1.2,0.9,1.2
마라바지락볶음,리춘시장,0.15,0.15,0.45,0.15,0.45,0,0.3,0,0.3,0.7,0.4,0.7,0.4,0.85,0.55,0.85,0.55,0.85,1.05,1.05,1.35,1.05,1.35,0.9,1.2,0.9,1.2
마라볶음밥,리춘시장,0.15,0.15,0.45,0.15,0.45,0,0.3,0,0.3,0.7,0.4,0.7,0.4,0.85,0.55,0.85,0.55,0.85,1.05,1.05,1.35,1.05,1.35,0.9,1.2,0.9,1.2
사막깐풍기,리춘시장,0,0,0.3,0,0.3,0,0.3,0,0.3,0.9,0.6,0.9,0.6,0.9,0.6,0.9,0.6,0.9,0,0,0.3,0,0.3,0,0.3,0,0.3
향라고추윙봉,리춘시장,0,0,0.3,0,0.3,0,0.3,0,0.3,0.9,0.6,0.9,0.6,0.9,0.6,0.9,0.6,0.9,0,0,0.3,0,0.3,0,0.3,0,0.3
멘바샥,리춘시장,0,0,0.3,0,0.3,0,0.3,0,0.3,0.9,0.6,0.9,0.6,0.9,0.6,0.9,0.6,0.9,0,0,0.3,0,0.3,0,0.3,0,0.3
뚝배기마파두부,리춘시장,0,0,0.3,0,0.3,0,0.3,0,0.3,0.7,0.4,0.7,0.4,0.7,0.4,0.7,0.4,0.7,0.7,0.7,1,0.7,1,0.7,1,0.7,1
고추듬뿍유린기,리춘시장,0,0,0.3,0,0.3,0,0.3,0,0.3,0.9,0.6,0.9,0.6,0.9,0.6,0.9,0.6,0.9,0,0,0.3,0,0.3,0,0.3,0,0.3
뚝배기어향가지,리춘시장,0,0,0.3,0,0.3,0,0.3,0,0.3,0.9,0.6,0.9,0.6,0.9,0.6,0.9,0.6,0.9,0,0,0.3,0,0.3,0,0.3,0,0.3
토마토계란볶음매운우삼겹건두부볶음,리춘시장,0.15,0.15,0.45,0.15,0.45,0,0.3,0,0.3,0.7,0.4,0.7,0.4,0.85,0.55,0.85,0.55,0.85,0.85,0.85,1.15,0.85,1.15,0.7,1,0.7,1
즈란닭꼬치,리춘시장,0,0,0.3,0,0.3,0,0.3,0,0.3,0.7,0.4,0.7,0.4,0.7,0.4,0.7,0.4,0.7,0.7,0.7,1,0.7,1,0.7,1,0.7,1
칠리새우,리춘시장,0,0,0.3,0,0.3,0,0.3,0,0.3,0.9,0.6,0.9,0.6,0.9,0.6,0.9,0.6,0.9,0,0,0.3,0,0.3,0,0.3,0,0.3
마요새우,리춘시장,0,0,0.3,0,0.3,0,0.3,0,0.3,0.9,0.6,0.9,0.6,0.9,0.6,0.9,0.6,0.9,0,0,0.3,0,0.3,0,0.3,0,0.3
중화바지락볶음,리춘시장,0,0,0.3,0,0.3,0,0.3,0,0.3,0.7,0.4,0.7,0.4,0.7,0.4,0.7,0.4,0.7,0.7,0.7,1,0.7,1,0.7,1,0.7,1
매운바지락볶음,리춘시장,0,0,0.3,0,0.3,0,0.3,0,0.3,0.7,0.4,0.7,0.4,0.7,0.4,0.7,0.4,0.7,0.7,0.7,1,0.7,1,0.7,1,0.7,1
새우완탕,리춘시장,0,0,0.3,0,0.3,0,0.3,0,0.3,0.7,0.4,0.7,0.4,0.7,0.4,0.7,0.4,0.7,0,0,0.3,0,0.3,0,0.3,0,0.3
울트라빽보이,빽보이,1,0.7,0.65,1.4,1.05,1,0.65,1.3,0.95,0.55,0.9,0.25,0.6,0.65,1,0.25,0.6,0.25,0,-0.3,-0.35,0.4,0.05,0,-0.35,0.3,-0.05
허리케인포테이토,빽보이,1,1,0.65,1.4,1.05,1,0.65,1.3,0.95,0.55,0.9,0.25,0.6,0.65,1,0.25,0.6,0.25,0,0,-0.35,0.4,0.05,0,-0.35,0.3,-0.05
미트폭탄,빽보이,1,1,0.65,1.4,1.05,1,0.65,1.3,0.95,0.55,0.9,0.25,0.6,0.65,1,0.25,0.6,0.25,0,0,-0.35,0.4,0.05,0,-0.35,0.3,-0.05
슈퍼빽보이,빽보이,1,0.7,0.65,1.4,1.05,1,0.65,1.3,0.95,0.55,0.9,0.25,0.6,0.65,1,0.25,0.6,0.25,0,-0.3,-0.35,0.4,0.05,0,-0.35,0.3,-0.05
오마이갓페퍼로니,빽보이,1,1.1,0.65,1.4,1.05,1,0.65,1.3,0.95,0.55,0.9,0.25,0.6,0.65,1,0.25,0.6,0.25,0,0.1,-0.35,0.4,0.05,0,-0.35,0.3,-0.05
불닭발레전드,빽보이,1,1,0.65,1,0.65,1,0.65,1,0.65,0.25,0.6,0.25,0.6,0.25,0.6,0.25,0.6,0.25,0,0,-0.35,0,-0.35,0,-0.35,0,-0.35
연돈볼카츠,연돈볼카츠,0.1,0.1,0.55,0.1,0.55,0.1,0.55,0.6,1.05,1.55,1.1,1.05,0.6,1.05,0.6,1.05,0.6,1.05,0,0,0.45,0,0.45,0,0.45,0.5,0.95
볼떡,연돈볼카츠,0.1,-0.4,0.55,0.1,0.55,0.1,0.55,0.1,0.55,1.05,0.6,1.05,0.6,1.05,0.6,1.05,0.6,1.05,0,-0.5,0.45,0,0.45,0,0.45,0,0.45
볼카츠샌드,연돈볼카츠,0.1,0.1,0.55,0.1,0.55,0.1,0.55,0.1,0.55,1.05,0.6,1.05,0.6,1.05,0.6,1.05,0.6,1.05,0,0,0.45,0,0.45,0,0.45,0,0.45
볼밥,연돈볼카츠,0.1,0,0.55,0.1,0.55,0.1,0.55,0.1,0.55,1.05,0.6,1.05,0.6,1.05,0.6,1.05,0.6,1.05,0,-0.1,0.45,0,0.45,0,0.45,0,0.45
볼카레밥,연돈볼카츠,0.1,-0.1,0.05,0.1,0.05,0.1,0.05,0.1,0.05,0.55,0.6,0.55,0.6,0.55,0.6,0.55,0.6,0.55,0,-0.2,-0.05,0,-0.05,0,-0.05,0,-0.05
볼카츠버거,연돈볼카츠,0.1,0.1,0.5,0.1,0.5,0.1,0.5,0.1,0.5,0.2,0.6,0.2,0.6,0.2,0.6,0.2,0.6,0.2,0,0,0.4,0,0.4,0,0.4,0,0.4
치즈볼카츠,연돈볼카츠,0.1,0.1,0.55,0.1,0.55,0.1,0.55,0.1,0.55,1.05,0.6,1.05,0.6,1.05,0.6,1.05,0.6,1.05,0,0,0.45,0,0.45,0,0.45,0,0.45
닭곱새,성성식당,0.1,-0.2,0.45,0.55,0.9,0.15,0.5,0.6,0.95,1.25,0.9,0.8,0.45,1.2,0.85,0.75,0.4,0.75,0,-0.3,0.35,0.45,0.8,0.05,0.4,0.5,0.85
이태리찜닭,성성식당,0.1,-0.2,0.5,0.1,0.5,0.55,0.95,0.6,1,1.3,0.9,1.25,0.85,0.8,0.4,0.8,0.4,0.8,0,-0.3,0.4,0,0.4,0.45,0.85,0.5,0.9
코코넛커리찜닭,성성식당,0.1,-0.2,0.5,0.25,0.65,0.55,0.95,0.6,1,1.3,0.9,1.25,0.85,0.95,0.55,0.8,0.4,0.8,0,-0.3,0.4,0.15,0.55,0.45,0.85,0.5,0.9
간장찜닭,성성식당,0.1,0,0.5,0.55,0.95,0.55,0.95,0.6,1,1.3,0.9,1.25,0.85,1.25,0.85,0.8,0.4,0.8,0,-0.1,0.4,0.45,0.85,0.45,0.85,0.5,0.9
무뼈불닭발볶음,성성식당,0.1,0.1,0.5,0.55,0.95,0.15,0.55,0.6,1,1.3,0.9,0.85,0.45,1.25,0.85,0.8,0.4,0.8,0.9,0.9,1.3,1.35,1.75,0.95,1.35,1.4,1.8
닭볶음탕 (약불/중불/지옥불),성성식당,0.1,0,0.5,0.55,0.95,0.15,0.55,0.6,1,1.6,1.2,1.15,0.75,1.55,1.15,1.1,0.7,1.1,0,-0.1,0.4,0.45,0.85,0.05,0.45,0.5,0.9
곱볶음탕(중불),성성식당,0.1,-0.2,0.5,0.55,0.95,0.15,0.55,0.6,1,1.6,1.2,1.15,0.75,1.55,1.15,1.1,0.7,1.1,0,-0.3,0.4,0.45,0.85,0.05,0.45,0.5,0.9
치즈닭떡볶이,성성식당,0.1,-0.2,0.5,0.1,0.5,0.1,0.5,0.6,1,1.5,1.1,1,0.6,1,0.6,1,0.6,1,0,-0.3,0.4,0,0.4,0,0.4,0.5,0.9
성성닭무침,성성식당,0.1,0,0.5,0.55,0.95,0.15,0.55,0.6,1,1.3,0.9,0.85,0.45,1.25,0.85,0.8,0.4,0.8,0,-0.1,0.4,0.45,0.85,0.05,0.45,0.5,0.9
닭한마리,성성식당,0.1,0,0.5,0.55,0.95,0.15,0.55,0.6,1,1.6,1.2,1.15,0.75,1.55,1.15,1.1,0.7,1.1,0,-0.1,0.4,0.45,0.85,0.05,0.45,0.5,0.9
제주돼지 부대찌개,성성식당,0.1,0,0.45,0.55,0.9,0.15,0.5,0.6,0.95,1.55,1.2,1.1,0.75,1.5,1.15,1.05,0.7,1.05,0,-0.1,0.35,0.45,0.8,0.05,0.4,0.5,0.85
성성냉국수,성성식당,0.1,0,-0.05,0.55,0.4,0.15,2.78E-17,0.6,0.45,0.95,1.1,0.5,0.65,0.9,1.05,0.45,0.6,0.45,0,-0.1,-0.15,0.45,0.3,0.05,-0.1,0.5,0.35
성성비빔국수,성성식당,0.1,0,-0.05,0.55,0.4,0.15,2.78E-17,0.6,0.45,0.95,1.1,0.5,0.65,0.9,1.05,0.45,0.6,0.45,0,-0.1,-0.15,0.45,0.3,0.05,-0.1,0.5,0.35
성성닭조림,성성식당,0.1,0,0.5,0.55,0.95,0.15,0.55,0.6,1,1.3,0.9,0.85,0.45,1.25,0.85,0.8,0.4,0.8,0,-0.1,0.4,0.45,0.85,0.05,0.45,0.5,0.9
치즈듬뿍 닭갈비볶음밥,성성식당,0.1,-0.2,0.5,0.55,0.95,0.1,0.5,0.6,1,1.3,0.9,0.8,0.4,1.25,0.85,0.8,0.4,0.8,0.7,0.4,1.1,1.15,1.55,0.7,1.1,1.2,1.6
치즈매운철판닭갈비,백철판,0.1,0,0.5,0.55,0.95,0.1,0.5,0.55,0.95,1.25,0.85,0.8,0.4,1.25,0.85,0.8,0.4,0.8,0,-0.1,0.4,0.45,0.85,0,0.4,0.45,0.85
매운철판닭갈비,백철판,0.1,0,0.45,0.55,0.9,0.1,0.45,0.55,0.9,1.2,0.85,0.75,0.4,1.2,0.85,0.75,0.4,0.75,0,-0.1,0.35,0.45,0.8,0,0.35,0.45,0.8
간장철판닭갈비,백철판,0.1,0,0.45,0.55,0.9,0.1,0.45,0.55,0.9,1.2,0.85,0.75,0.4,1.2,0.85,0.75,0.4,0.75,0.7,0.6,1.05,1.15,1.5,0.7,1.05,1.15,1.5
쭈삼철판볶음,백철판,0.1,0,0.45,0.55,0.9,0.15,0.5,0.55,0.9,1.2,0.85,0.8,0.45,1.2,0.85,0.75,0.4,0.75,0.7,0.6,1.05,1.15,1.5,0.75,1.1,1.15,1.5
우삼겹철판볶음,백철판,0.1,0.6,0.45,0.55,0.9,0.1,0.45,0.55,0.9,1.2,0.85,0.75,0.4,1.2,0.85,0.75,0.4,0.75,0.7,1.2,1.05,1.15,1.5,0.7,1.05,1.15,1.5
매콤 닭갈비볶음밥,백철판,0.1,0,0.45,0.55,0.9,0.1,0.45,0.55,0.9,1.2,0.85,0.75,0.4,1.2,0.85,0.75,0.4,0.75,0.7,0.6,1.05,1.15,1.5,0.7,1.05,1.15,1.5
데리야끼닭갈비볶음밥,백철판,0.1,-0.2,0.45,0.55,0.9,0.1,0.45,0.55,0.9,1.2,0.85,0.75,0.4,1.2,0.85,0.75,0.4,0.75,0.7,0.4,1.05,1.15,1.5,0.7,1.05,1.15,1.5
우주떡볶이,백철판,0.1,-0.2,0.45,0.55,0.9,0.15,0.5,0.1,0.45,0.95,0.6,1,0.65,1.4,1.05,0.95,0.6,0.95,0,-0.3,0.35,0.45,0.8,0.05,0.4,0,0.35
부대찌개,백철판,0.1,-0.4,0.45,0.55,0.9,0.1,0.45,0.6,0.95,1.55,1.2,1.05,0.7,1.5,1.15,1.05,0.7,1.05,0.3,-0.2,0.65,0.75,1.1,0.3,0.65,0.8,1.15
대패삼겹살 쌈밥정식,백종원의 元祖쌈밥집,0.1,0,-0.1,0.55,0.35,0.1,-0.1,0.6,0.4,1,1.2,0.5,0.7,0.95,1.15,0.5,0.7,0.5,0.3,0.2,0.1,0.75,0.55,0.3,0.1,0.8,0.6
차돌박이 쌈밥정식,백종원의 元祖쌈밥집,0.1,0,-0.1,0.55,0.35,0.1,-0.1,0.6,0.4,1,1.2,0.5,0.7,0.95,1.15,0.5,0.7,0.5,0.3,0.2,0.1,0.75,0.55,0.3,0.1,0.8,0.6
생삼겹살 쌈밥정식,백종원의 元祖쌈밥집,0.1,0.6,-0.1,0.55,0.35,0.1,-0.1,0.6,0.4,1,1.2,0.5,0.7,0.95,1.15,0.5,0.7,0.5,0.3,0.8,0.1,0.75,0.55,0.3,0.1,0.8,0.6
칼집삼겹살 쌈밥정식,백종원의 元祖쌈밥집,0.1,0.6,-0.1,0.55,0.35,0.1,-0.1,0.6,0.4,1,1.2,0.5,0.7,0.95,1.15,0.5,0.7,0.5,0.3,0.8,0.1,0.75,0.55,0.3,0.1,0.8,0.6
고추장/간장대패제육,백종원의 元祖쌈밥집,0.1,0,-0.1,0.55,0.35,0.15,-0.05,0.6,0.4,1,1.2,0.55,0.75,0.95,1.15,0.5,0.7,0.5,0.3,0.2,0.1,0.75,0.55,0.35,0.15,0.8,0.6
직화불고기 비빔국수,미정국수0410,0.1,0,-0.05,0.55,0.4,0.15,2.78E-17,0.6,0.45,0.95,1.1,0.5,0.65,0.9,1.05,0.45,0.6,0.45,0,-0.1,-0.15,0.45,0.3,0.05,-0.1,0.5,0.35
멸치국수,미정국수0410,0.1,0,0.2,0.55,0.65,0.15,0.25,0.6,0.7,1.2,1.1,0.75,0.65,1.15,1.05,0.7,0.6,0.7,0,-0.1,0.1,0.45,0.55,0.05,0.15,0.5,0.6
만두국수,미정국수0410,0.1,0,0.2,0.55,0.65,0.15,0.25,0.6,0.7,1.2,1.1,0.75,0.65,1.15,1.05,0.7,0.6,0.7,0,-0.1,0.1,0.45,0.55,0.05,0.15,0.5,0.6
얼큰멸치국수,미정국수0410,0.1,0,0.2,0.55,0.65,0.15,0.25,0.6,0.7,1.2,1.1,0.75,0.65,1.15,1.05,0.7,0.6,0.7,0,-0.1,0.1,0.45,0.55,0.05,0.15,0.5,0.6
간비국수,미정국수0410,0.1,0,0.2,0.55,0.65,0.15,0.25,0.6,0.7,1.2,1.1,0.75,0.65,1.15,1.05,0.7,0.6,0.7,0,-0.1,0.1,0.45,0.55,0.05,0.15,0.5,0.6
비빔국수,미정국수0410,0.1,0,-0.05,0.55,0.4,0.15,2.78E-17,0.6,0.45,0.95,1.1,0.5,0.65,0.9,1.05,0.45,0.6,0.45,0,-0.1,-0.15,0.45,0.3,0.05,-0.1,0.5,0.35
코다리비빔국수,미정국수0410,0.1,0,-0.05,0.55,0.4,0.15,2.78E-17,0.6,0.45,0.95,1.1,0.5,0.65,0.9,1.05,0.45,0.6,0.45,0,-0.1,-0.15,0.45,0.3,0.05,-0.1,0.5,0.35
콩국수,미정국수0410,0.1,0,-0.05,0.55,0.4,0.15,2.78E-17,0.6,0.45,0.95,1.1,0.5,0.65,0.9,1.05,0.45,0.6,0.45,0,-0.1,-0.15,0.45,0.3,0.05,-0.1,0.5,0.35
냉국수,미정국수0410,0.1,0,-0.05,0.55,0.4,0.15,2.78E-17,0.6,0.45,0.95,1.1,0.5,0.65,0.9,1.05,0.45,0.6,0.45,0,-0.1,-0.15,0.45,0.3,0.05,-0.1,0.5,0.35
사골국수,미정국수0410,0.1,0,0.2,0.55,0.65,0.15,0.25,0.6,0.7,1.2,1.1,0.75,0.65,1.15,1.05,0.7,0.6,0.7,0,-0.1,0.1,0.45,0.55,0.05,0.15,0.5,0.6
매콤참치덮밥,미정국수0410,0.1,-0.2,-0.1,0.55,0.35,0.1,-0.1,0.6,0.4,1,1.2,0.5,0.7,0.95,1.15,0.5,0.7,0.5,0,-0.3,-0.2,0.45,0.25,0,-0.2,0.5,0.3
김치제육덮밥,미정국수0410,0.1,-0.2,-0.1,0.55,0.35,0.1,-0.1,0.6,0.4,1,1.2,0.5,0.7,0.95,1.15,0.5,0.7,0.5,0,-0.3,-0.2,0.45,0.25,0,-0.2,0.5,0.3
간장불고기덮밥,미정국수0410,0.1,-0.2,-0.1,0.55,0.35,0.1,-0.1,0.6,0.4,1,1.2,0.5,0.7,0.95,1.15,0.5,0.7,0.5,0,-0.3,-0.2,0.45,0.25,0,-0.2,0.5,0.3
제육덮밥,미정국수0410,0.1,-0.2,-0.1,0.55,0.35,0.1,-0.1,0.6,0.4,1,1.2,0.5,0.7,0.95,1.15,0.5,0.7,0.5,0,-0.3,-0.2,0.45,0.25,0,-0.2,0.5,0.3
매콤참치덮밥세트,미정국수0410,0.1,-0.2,-0.1,0.55,0.35,0.1,-0.1,0.6,0.4,1,1.2,0.5,0.7,0.95,1.15,0.5,0.7,0.5,0,-0.3,-0.2,0.45,0.25,0,-0.2,0.5,0.3
김치제육덮밥세트,미정국수0410,0.1,-0.2,-0.1,0.55,0.35,0.1,-0.1,0.6,0.4,1,1.2,0.5,0.7,0.95,1.15,0.5,0.7,0.5,0,-0.3,-0.2,0.45,0.25,0,-0.2,0.5,0.3
간장불고기덮밥세트,미정국수0410,0.1,-0.2,-0.1,0.55,0.35,0.1,-0.1,0.6,0.4,1,1.2,0.5,0.7,0.95,1.15,0.5,0.7,0.5,0,-0.3,-0.2,0.45,0.25,0,-0.2,0.5,0.3
제육덮밥세트,미정국수0410,0.1,-0.2,-0.1,0.55,0.35,0.1,-0.1,0.6,0.4,1,1.2,0.5,0.7,0.95,1.15,0.5,0.7,0.5,0,-0.3,-0.2,0.45,0.25,0,-0.2,0.5,0.3
프라임 모둠,돌배기,0.7,0.7,0.8,0.7,0.8,0.7,0.8,0.9,1,0.1,0.2,-0.1,0,-0.1,0,-0.1,0,-0.1,0,0,0.1,0,0.1,0,0.1,0.2,0.3
프라임 등심,돌배기,0.7,0.7,0.8,0.7,0.8,0.7,0.8,0.9,1,0.1,0.2,-0.1,0,-0.1,0,-0.1,0,-0.1,0,0,0.1,0,0.1,0,0.1,0.2,0.3
프라임 큐브살치,돌배기,0.7,0.7,0.8,0.7,0.8,0.7,0.8,0.9,1,0.1,0.2,-0.1,0,-0.1,0,-0.1,0,-0.1,0,0,0.1,0,0.1,0,0.1,0.2,0.3
프라임 수제불고기,돌배기,0.7,0.6,0.8,1.15,1.25,0.7,0.8,0.9,1,0.1,0.2,-0.1,0,0.35,0.45,-0.1,0,-0.1,0,-0.1,0.1,0.45,0.55,0,0.1,0.2,0.3
돌배기,돌배기,0.7,0.6,0.8,1.15,1.25,0.7,0.8,0.9,1,0.1,0.2,-0.1,0,0.35,0.45,-0.1,0,-0.1,0,-0.1,0.1,0.45,0.55,0,0.1,0.2,0.3
황제갈비살,돌배기,0.7,0.6,0.8,1.15,1.25,0.7,0.8,0.9,1,0.1,0.2,-0.1,0,0.35,0.45,-0.1,0,-0.1,0,-0.1,0.1,0.45,0.55,0,0.1,0.2,0.3
삼겹살,돌배기,0.7,1.2,0.8,1.15,1.25,0.7,0.8,0.75,0.85,-0.05,0.05,-0.1,0,0.35,0.45,-0.1,0,-0.1,0,0.5,0.1,0.45,0.55,0,0.1,0.05,0.15
진짜배기해장국,돌배기,0.1,0,0.45,0.55,0.9,0.1,0.45,0.6,0.95,1.55,1.2,1.05,0.7,1.5,1.15,1.05,0.7,1.05,0.3,0.2,0.65,0.75,1.1,0.3,0.65,0.8,1.15
차돌국밥,돌배기,0.1,0,0.45,0.55,0.9,0.1,0.45,0.6,0.95,1.55,1.2,1.05,0.7,1.5,1.15,1.05,0.7,1.05,0.3,0.2,0.65,0.75,1.1,0.3,0.65,0.8,1.15
차돌찌개,돌배기,0.1,0,0.45,0.55,0.9,0.15,0.5,0.6,0.95,1.55,1.2,1.1,0.75,1.5,1.15,1.05,0.7,1.05,0.3,0.2,0.65,0.75,1.1,0.35,0.7,0.8,1.15
뚝불고기,돌배기,0.1,0,0.45,0.55,0.9,0.15,0.5,0.3,0.65,1.25,0.9,1.1,0.75,1.5,1.15,1.05,0.7,1.05,0.3,0.2,0.65,0.75,1.1,0.35,0.7,0.5,0.85
부대찌개,돌배기,0.1,0,0.45,0.55,0.9,0.15,0.5,0.6,0.95,1.55,1.2,1.1,0.75,1.5,1.15,1.05,0.7,1.05,0.3,0.2,0.65,0.75,1.1,0.35,0.7,0.8,1.15
차돌두루치기,돌배기,0.1,0,0.45,0.55,0.9,0.15,0.5,0.3,0.65,0.95,0.6,0.8,0.45,1.2,0.85,0.75,0.4,0.75,0,-0.1,0.35,0.45,0.8,0.05,0.4,0.2,0.55
돌배기대창찌개,돌배기,0.1,0.05,0.3,0.55,0.75,0.15,0.35,0.6,0.8,1.4,1.2,0.95,0.75,1.35,1.15,0.9,0.7,0.9,0.3,0.25,0.5,0.75,0.95,0.35,0.55,0.8,1
매콤비빔당면,돌배기,0.1,0.1,-0.05,0.1,-0.05,0.1,-0.05,0.6,0.45,0.95,1.1,0.45,0.6,0.45,0.6,0.45,0.6,0.45,0,0,-0.15,0,-0.15,0,-0.15,0.5,0.35
옥수수냉면(물/비빔),돌배기,0.1,-0.25,-0.05,0.1,-0.05,0.5,0.35,0.6,0.45,0.95,1.1,0.85,1,0.45,0.6,0.45,0.6,0.45,0,-0.35,-0.15,0,-0.15,0.4,0.25,0.5,0.35
구워먹는치즈,돌배기,0,0,-0.35,0,-0.35,0,-0.35,0,-0.35,-0.35,0,-0.35,0,-0.35,0,-0.35,0,-0.35,0,0,-0.35,0,-0.35,0,-0.35,0,-0.35
한입주먹밥,돌배기,0.1,0,0.45,0.1,0.45,0.1,0.45,0.6,0.95,1.45,1.1,0.95,0.6,0.95,0.6,0.95,0.6,0.95,0,-0.1,0.35,0,0.35,0,0.35,0.5,0.85
우삼겹,본가,0.7,1.2,0.8,0.7,0.8,0.75,0.85,0.75,0.85,-0.05,0.05,-0.05,0.05,-0.1,0,-0.1,0,-0.1,0,0.5,0.1,0,0.1,0.05,0.15,0.05,0.15
매운우삼겹,본가,0.7,1.2,0.8,0.7,0.8,0.75,0.85,0.75,0.85,-0.05,0.05,-0.05,0.05,-0.1,0,-0.1,0,-0.1,0,0.5,0.1,0,0.1,0.05,0.15,0.05,0.15
본가모둠,본가,0.7,0.7,0.8,0.7,0.8,0.7,0.8,0.9,1,0.1,0.2,-0.1,0,-0.1,0,-0.1,0,-0.1,0,0,0.1,0,0.1,0,0.1,0.2,0.3
꽃살,본가,0.7,0.7,0.8,0.7,0.8,0.7,0.8,0.9,1,0.1,0.2,-0.1,0,-0.1,0,-0.1,0,-0.1,0,0,0.1,0,0.1,0,0.1,0.2,0.3
안창살,본가,0.7,0.7,0.8,0.7,0.8,0.7,0.8,0.9,1,0.1,0.2,-0.1,0,-0.1,0,-0.1,0,-0.1,0,0,0.1,0,0.1,0,0.1,0.2,0.3
갈비살,본가,0.7,0.7,0.8,0.7,0.8,0.7,0.8,0.9,1,0.1,0.2,-0.1,0,-0.1,0,-0.1,0,-0.1,0,0,0.1,0,0.1,0,0.1,0.2,0.3
LA통갈비,본가,0.7,0.7,0.8,0.7,0.8,0.7,0.8,0.9,1,0.1,0.2,-0.1,0,-0.1,0,-0.1,0,-0.1,0,0,0.1,0,0.1,0,0.1,0.2,0.3
숯불아차살,본가,0.7,0.7,0.8,0.7,0.8,0.7,0.8,0.9,1,0.1,0.2,-0.1,0,-0.1,0,-0.1,0,-0.1,0,0,0.1,0,0.1,0,0.1,0.2,0.3
돼지삼겹,본가,0.7,1.2,0.8,0.7,0.8,0.75,0.85,0.75,0.85,-0.05,0.05,-0.05,0.05,-0.1,0,-0.1,0,-0.1,0,0.5,0.1,0,0.1,0.05,0.15,0.05,0.15
새우구이,본가,0.9,0.9,1.25,0.7,1.05,0.75,1.1,0.7,1.05,0.35,0,0.4,0.05,0.35,0,0.55,0.2,0.55,0.2,0.2,0.55,0,0.35,0.05,0.4,0,0.35
치즈떡사리,본가,0,-0.3,-0.35,0,-0.35,0,-0.35,0,-0.35,-0.35,0,-0.35,0,-0.35,0,-0.35,0,-0.35,0,-0.3,-0.35,0,-0.35,0,-0.35,0,-0.35
우삼겹정식,본가,0.1,0.6,-0.1,0.55,0.35,0.1,-0.1,0.15,-0.05,0.55,0.75,0.5,0.7,0.95,1.15,0.5,0.7,0.5,0.3,0.8,0.1,0.75,0.55,0.3,0.1,0.35,0.15
옛날불고기정식,본가,0.1,0,-0.1,0.55,0.35,0.1,-0.1,0.15,-0.05,0.55,0.75,0.5,0.7,0.95,1.15,0.5,0.7,0.5,0.3,0.2,0.1,0.75,0.55,0.3,0.1,0.35,0.15
옛날불고기,본가,0.1,0,0.2,0.55,0.65,0.15,0.25,0.3,0.4,0.8,0.9,0.65,0.75,1.05,1.15,0.6,0.7,0.6,0.3,0.2,0.4,0.75,0.85,0.35,0.45,0.5,0.6
차돌된장찌개,본가,0.1,0,0.5,0.55,0.95,0.15,0.55,0.6,1,1.6,1.2,1.15,0.75,1.55,1.15,1.1,0.7,1.1,0.3,0.2,0.7,0.75,1.15,0.35,0.75,0.8,1.2
갈비탕,본가,0.1,0,0.5,0.55,0.95,0.2,0.6,0.6,1,1.6,1.2,1.2,0.8,1.55,1.15,1.1,0.7,1.1,0.3,0.2,0.7,0.75,1.15,0.4,0.8,0.8,1.2
본가비빔밥,본가,0.1,0,-0.1,0.55,0.35,0.1,-0.1,0.6,0.4,0.4,0.6,-0.1,0.1,0.35,0.55,-0.1,0.1,-0.1,0.4,0.3,0.2,0.85,0.65,0.4,0.2,0.9,0.7
본가냉면,본가,0.1,-0.25,-0.05,0.55,0.4,0.5,0.35,0.6,0.45,0.95,1.1,0.85,1,0.9,1.05,0.45,0.6,0.45,0,-0.35,-0.15,0.45,0.3,0.4,0.25,0.5,0.35
비빔냉면,본가,0.1,-0.25,-0.05,0.55,0.4,0.5,0.35,0.6,0.45,0.95,1.1,0.85,1,0.9,1.05,0.45,0.6,0.45,0,-0.35,-0.15,0.45,0.3,0.4,0.25,0.5,0.35
